Zip Codes,City,Age of Inventory (Public),Buyer Seller Index Cross MSA,Buyer Seller Index Cross Time MSA,Days on Zillow MSA,Days on Zillow (Public),Listings Price Cuts (SA+A7) Single-Family Residence+A1:A12,Inventory Measure (Public),Inventory Measure - SSA (Public),Inventory Measure - Tiers (Public) - Inventory Seasonally Adjusted Bottom Tier,Inventory Measure - Tiers (Public) - Inventory Seasonally Adjusted Middle Tier,Inventory Measure - Tiers (Public) - Inventory Seasonally Adjusted Top Tier,Listings Price Cuts (SA) All Homes,Listings Price Cuts (SA) Bottom Tier,Listings Price Cuts (SA) Condominiums,Listings Price Cuts (SA) Middle Tier,Listings Price Cuts (SA) Single-Family Residence,Listings Price Cuts (SA) Top Tier,Median Age Of Inventory - NSA - All Homes,Median Daily Listings - NSA - All Homes,Median Daily Listings - SA - All Homes,Monthly Listings - NSA - All Homes,Median Listing Price - One Bedroom,Median Listing Price - Two Bedrooms,Median Listing Price - Three Bedrooms,Median Listing Price - Four Bedrooms,Median Listing Price - Five Or More Bedrooms,Median Listing Price - All Homes,Median Listing Price - Bottom Tier,Median Listing Price - Condo/Co-op,Median Listing Price - Duplex/Triplex,Median Listing Price Per Square Foot - One Bedroom,Median Listing Price Per Square Foot - Two Bedrooms,Median Listing Price Per Square Foot - Three Bedrooms,Median Listing Price Per Square Foot - Four Bedrooms,Median Listing Price Per Square Foot - Five Or More Bedrooms,Median Listing Price Per Square Foot - All Homes,Median Listing Price Per Square Foot - Bottom Tier,Median Listing Price Per Square Foot - Condo/Co-op,Median Listing Price Per Square Foot - Duplex/Triplex,Median Listing Price Per Square Foot - Middle Tier,Median Listing Price Per Square Foot - Single-Family Residence,Median Listing Price Per Square Foot - Top Tier,Median Listing Price - Middle Tier,Median Listing Price - Single-Family Residence,Median Listing Price - Top Tier,Monthly Listings - SA - All Homes,Monthly Listings - SA - Bottom Tier,Monthly Listings - SA - Middle Tier,Monthly Listings - SA - Top Tier,Median Price Cut Dollar - All Homes,Median Price Cut Dollar - Condo,Median Price Cut Dollar - Single-Family Residence,Median Price Of Reduction - All Homes,Median Price Of Reduction - Condo,Median Price Of Reduction - Single-Family Residence,Median Rental Price - Five Or More Bedrooms,Median Rental Price - One Bedroom,Median Rental Price - Two Bedrooms,Median Rental Price - Three Bedrooms,Median Rental Price - Four Bedrooms,Median Rental Price - All Homes,Median Rental Price - Condo/Co-op,Median Rental Price - Duplex/Triplex,Median Rental Price Per Square Foot - One Bedroom,Median Rental Price Per Square Foot - Two Bedrooms,Median Rental Price Per Square Foot - Three Bedrooms,Median Rental Price Per Square Foot - Four Bedrooms,Median Rental Price Per Square Foot - Five Or More Bedrooms,Median Rental Price Per Square Foot - All Homes,Median Rental Price Per Square Foot - Condo/Co-op,Median Rental Price Per Square Foot - Duplex/Triplex,Median Rental Price Per Square Foot - Multi-Family Residence,Median Rental Price Per Square Foot - Single-Family Residence,Median Rental Price Per Square Foot - Studio,Median Rental Price - Multi-Family Residence,Median Rental Price - Single-Family Residence,Median Rental Price - Studio,Median Sold Price - All Homes,Median Sold Price Per Square Foot - All Homes,Median Sold Price Per Square Foot - Condo,Median Sold Price Per Square Foot - Single-Family Residence,Monthly Turnover MSA,Median Value Per Square Foot - All Homes,NF Sales,New Monthly Listings - NSA - All Homes,New Monthly Listings - SA - All Homes,Percent Of Homes Decreasing In Values - All Homes,Percent Of Homes Increasing In Values - All Homes,Percent Of Listings With Price Reductions - All Homes,Percent Of Listings With Price Reductions - Bottom Tier,Percent Of Listings With Price Reductions - Condo,Percent Of Listings With Price Reductions - Middle Tier,Percent Of Listings With Price Reductions - Single-Family Residence,Percent Of Listings With Price Reductions - Top Tier,Price To Rent Ratio - All Homes,Sales Counts - Bottom Tier MSA,Sales Counts MSA,Sales Counts - MIddle Tier MSA,Sales Counts - SA - Bottom Tier MSA,Sales Counts - SA MSA,Sales Counts - SA - Middle Tier MSA,Sales Counts - SA - Top Tier MSA,Sales Counts MSA - Top Tier,Sale Prices - Bottom Tier MSA,Sales Previously Foreclosed Share MSA,Sales Prices MSA,Sales Prices - Middle Tier MSA,Sales Prices - Top Tier MSA,Sale To List Ratio MSA,Inventory Measure - Tiers (Public) - TierShare Bottom Tier,Inventory Measure - Tiers (Public) - TierShare Middle Tier,Inventory Measure - Tiers (Public) - TierShare Top Tier,Turnover - All Homes,Unsold Renos - All Homes,Value Tiers (Public),ZRI - Bottom Tier YOY,Zillow Home Value Index - One Bedroom,Zillow Home Value Index - Two Bedrooms,Zillow Home Value Index - Three Bedrooms,Zillow Home Value Index - Four Bedrooms,Zillow Home Value Index - Five Or More Bedrooms,Zillow Home Value Index - All Homes,Zillow Home Value Index - Bottom Tier,Zillow Home Value Index - Bottom Tier Year-Over-Year,Zillow Home Value Index - Condo,Zillow Home Value Index - Middle Tier,Zillow Home Value Index - Middle Tier - Year-Over-Year,Zillow Home Value Index - Single-Family Residence,Zillow Home Value Index - Top Tier,Zillow Home Value Index - Top Tier - Year-Over-Year,ZRI - Middle Tier YOY,Zillow Rental Index - All Homes,Zillow Rental Index - All Homes Plus Multi-Family,Zillow Rental Index Per Square Foot - All Homes,Zillow Rental Index - Multi-Family Residence,Zillow Rental Index - Single-Family Residence,ZRI - Top Tier YOY
30004,Alpharetta,,,,,,,525,507,,,,17.10597253,,,,17.60810395,,,340,393,449,,297000,350000,529387.5,854500,540000,,259900,,,223.8512949,169.7289502,168.5924051,183.3163577,175.8440514,,169.1410891,,162.0567376,175.9198255,180.1611051,259548,553700,645449,493,,,,9000,,9000,1.428571429,,1.36,,1246,1435,1800,2440,1900,,,1.513400567,1.282405034,1.030350211,0.860778443,,0.946453734,,,1.337305225,0.938908363,,1386,1900,1700,323130,153,121.9626,139.6337,,491,,125,95,45.09,54.16,13.21070234,,,,13.50877193,,16,,,,,,,,,,,,,,,,,,4.077,30.3,,0.030129125,219323,243845,311355,482145,752056,463781,299730,0.026251186,256901,463781,0.023598013,487631,769960,0.019316387,0.006222775,2225,1617,0.958,1478,2459,0.019457245
30005,Alpharetta,,,,,,,168,158,,,,18.42445148,,,,18.99277664,,,138,163,184,,,459880,479200,649450,489000,,,,,,203.0042121,158.2568807,166.5561942,176.8726697,,,,,177.2208639,180.2074858,,509450,521961,198,,,,7900,,7900,1.449018599,,1.449018599,,1190,1622,1895,,2245,,,1.435294118,1.378583474,1.171576004,,,0.925988288,,,1.488195616,0.918522288,,1649,2300,,406320,145,103.4619189,138.0749,,496,,56,41,27.84,71.68,13.43873518,,,,14.10788382,,27.52,,,,,,,,,,,,,,,,,,5.0629,27,,0.065,441907,203859,347903,445934,561223,468553,371355,0.021884855,213286,468553,0.020952767,472413,604790,0.020971796,0.055520898,2392,1692,0.878,1560,2520,0.0897111
30009,Alpharetta,,,,,,,167,163,,,,13.91111446,,,,14.95725311,,,168,172,210,,,555127,613990,,556100.5,,,,,,216.9614396,194.1163452,,215.59375,,192.777172,,,212.1513796,222.8296,,569900,579900,210,,,,9000,,9000,2.36235119,,2.285502784,,1656.5,,1991,,2000,,,2.051005747,1.534164611,1.222627737,,,1.163828722,,,1.985698671,1.179554897,,1728,2100,,299725,152,124.9952,154.2714,,423,,63,51,28.48,71.11,11.98347107,,,,13.08411215,,32.66,,,,,,,,,,,,,,,,,,5.0651,58.2,,0.025885559,,243457,378427,448905,684281,413467,302292,0.035360039,273587,413467,0.02883455,424472,581869,0.027380015,0.024014778,2148,1663,1.036,1518,2056,0.049138804
30022,Alpharetta,,,,,,,286,258,,,,17.68707857,,,,18.21776671,,,210,258,284,,,327450,460000,740400,449900,,,,,,165.6592153,156.8760497,179.0073387,166.361225,,,,165.625,166.5515147,166.828322,262976,467500,540847,331,,,,5100,,5100,1.613591758,,1.554844824,,1312,1544,1799.5,2200,1950,,,1.505896226,1.296712109,1.152368758,0.851851852,,0.962081754,,,1.374599787,0.950555273,,1437,1975,,368650,149,128.0512,145.2469,,400,,78,65,27.12,72.49,13.23877069,,,,13.67088608,,34.58,,,,,,,,,,,,,,,,,,3.962,35.2,,-0.006164384,418641,250606,311375,439368,628313,437304,310549,0.027613797,260860,437304,0.01387369,447708,641229,0.018454281,0.003678725,2273,1637,0.93,1473,2487,0.004287245
30075,Roswell,,,,,,,322,296,,,,20.37703953,,,,20.91321132,,,258,294,352,,329900,400000,519900,740990,515000,,245000,,,197.978096,189.7549603,178.0916844,179.4727987,184.0858149,,188.9189189,,177.758216,184.3819156,185.6262562,293652,524450,542720,373,,,,5000,,5000,1.089130918,,1.056461952,,,,2000,,2185,,,,,1.161520062,,,1.022222222,,,,1.004717573,,1395,2200,,367050,156,142.208,150.0906,,354,,116,82,36.93,62.58,16.26373626,,,,16.359447,,27.48,,,,,,,,,,,,,,,,,,4.5314,37.4,,0.00752394,227022,294078,374092,462185,613455,450374,352681,0.021778053,286614,450374,0.013568286,460742,611893,0.012724158,0.038349797,2274,1787,0.972,1409,2457,0.008979206
30076,Roswell,,,,,,,162,141,,,,21.06616274,,,,21.26942989,,,156,182,213,,,374638.5,430000,699900,410000,,,,,,171.7334096,165.1114781,,166.797591,,,,161.8929016,167.6845825,172.1038462,276511,414950,450000,236,,,,5099,,5100,1.786352269,,1.786352269,,1050,1480.5,1752.5,,1887.5,,,1.359210526,1.266250847,1.084898495,,,1.0437417,,,1.440697674,1.053638277,,1150,1900,,303975,146,115.4268,144.7426,,276,,65,57,18.65,81,17.74744027,,,,17.66784452,,44.09,,,,,,,,,,,,,,,,,,5.3973,34.3,,-0.018220042,135750,180178,329901,411779,563106,383102,285427,0.030984399,195545,383102,0.02041349,390956,511093,0.015223597,-0.013003096,2037,1594,0.972,1425,2182,0.011440458
30097,Duluth,,,,,,,282,259,,,,15.01311884,,,,15.11662855,,,213,254,275,,,325000,459000,735000,475000,,,,,,146.2721969,150.0036298,157.141976,151.2348034,,,,144.2638658,150.9722415,153.967849,262888,477995,544605,315,,,,7000,,7000,1.50862069,,1.50862069,,1369,1730,1740,2300,2000,,,1.471108495,1.220299538,1.19828816,0.840823298,,0.840823298,,,1.335231896,0.842318059,,1445,2000,,331100,139,121.6809422,129.7537,,145,,74,67,54.88,44.61,10.58201058,,,,10.72386059,,11.83,,,,,,,,,,,,,,,,,,4.5953,13.2,,0.023571429,504324,228654,306269,426929,671645,462955,327066,0.01972314,335021,462955,0.013742695,470665,769459,0.00975161,0.006333122,2340,1589,0.852,1545,2495,0.032576505
30213,Fairburn,,,,,,,178,167,,,,11.58578302,,,,11.54618256,,,146,168,212,,,195900,239900,268950,228380,158455,,,,,103.9421866,90.35504699,85.84258965,93.58941872,96.07577808,,,90.18244611,93.58941872,110.3515625,239078,228380,360000,224,,,,5542.5,,5542.5,2.182539683,,2.182539683,,,,1350,1695,1545,,,,,0.874737579,,,0.794117647,,,,0.794117647,,,1545,,164625,72,88.5148,70.4365,,188,,56,52,18.24,81.03,10.85043988,,,,10.85043988,,18.4,,,,,,,,,,,,,,,,,,1.0733,300.5,,0.053003534,162727,122661,168289,220710,267152,203130,157320,0.082345495,161069,203130,0.066164893,203650,264282,0.056654619,0.073333333,1528,1288,0.702,1117,1445,0.088212928
30268,Palmetto,,,,,,,102,96,,,,9.664095146,,,,9.215002788,,,80,88,100,,439000,188990,,,277450,132934,,,,,98.08725931,,,121.9512195,94.75419556,,,,121.6187257,249.6301775,261560,279900,669900,108,,,,5100,,,3.174603175,,,,,,,,,,,,,,,,,,,,,,,,,148846.1538,78,,89.54154728,,299,,14,19,18.24,81.5,8.163265306,,,,7.80141844,,23.43,,,,,,,,,,,,,,,,,,2.964,66.3,,-0.012695313,180006,140815,163382,245096,355162,189892,125302,0.113983695,114599,189892,0.095223264,193320,350321,0.07623846,0.053959965,1421,1211,0.83,891,1341,0.076863354
30291,Union City,,,,,,,77,62,,,,9.045879801,,,,8.842530645,,,,,,,,149900,200000,,150990,133028,,,,,83.73493976,76.60898134,,81.0215764,77.87769784,,,,88.08273297,,210000,158990,,,,,,4500,,5000,2.635321874,,2.372093023,,,,1200,,1275,,,,,0.763383519,,,0.760025873,,,,0.763383519,,1000,1295,,73575,62,440.3067797,57.50165235,,22,,23,31,8.72,90.88,8.720930233,,,,8.759124088,,19.52,,,,,,,,,,,,,,,,,,0.2628,196.6,,0.054835494,45488,96795,143408,192390,217033,151501,107359,0.133435389,60319,151501,0.103197431,159332,194630,0.082131459,0.065276519,1315,1175,0.75,1090,1301,0.090909091
30303,Atlanta,,,,,,,,,,,,,,,,,,,,,,,,,,,,,,,,,,,,,,,,,,,,,,,,,,,,,,,,,,,,,,,,,,,,,,,,,,,,,,148900,145,184.4331641,,,206,,,,24.73,74.81,,,,,,,16.49,,,,,,,,,,,,,,,,,,3.2134,137.8,,0.047226387,185673,256236,433694,308103,,219973,167316,0.093275658,219602,219973,0.078235594,225550,284124,0.029632502,0.042538825,1632,1544,1.522,1681,,0.05334914
30305,Atlanta,,,,,,,306,283,,,,15.48178682,,13.43214398,,17.80107379,,,256,281,321,212000,410000,973353,922450,1795000,640000,150000,315000,,247.3267327,289.5667851,339.7612489,306.4504633,387.4732068,306.4504633,203.1717687,283.3271857,,240.1129944,333.8898164,334.3029171,242574,964000,849000,342,,,,9950.5,5000,17000,2.007417562,2.681846788,1.686830329,,1810,1970,2972.5,,1895,2250,,2.391447368,1.572456352,,,,1.857457847,1.878455285,,2.493384137,1.829150067,2.72702332,2075,3750,,477875,295,223.4816,335.2353,,1113,,72,62,63.12,36.21,11.05263158,,10.52631579,,11.84210526,,10.81,,,,,,,,,,,,,,,,,,5.2258,70.6,,0.014211886,227011,348665,752169,1126050,1713976,563590,246252,0.027467048,284786,563590,0.013999413,934321,1237447,0.016128185,0.089330025,2582,2195,1.788,1851,4440,0.013641425
30306,Atlanta,,,,,,,123,114,,,,15.42760492,,18.87368274,,13.768996,,,127,138,162,,,769000,1129000,1310000,749000,,298000,,,335.2130326,377.4778574,373.003992,,353.7677322,,321.2857143,,,377.2112383,369.0059207,218950,874900,835600,171,,,,10000,,12550,2.046444122,,1.808936347,,1449.5,1873.5,3036,,2900,,1462.5,1.9375,1.64257793,1.69238078,,,1.97024321,,1.707142857,1.774808534,1.97024321,,1600,3425,,474365,313,221.6051,309.9092,,2255,,41,34,79.39,20.11,9.722222222,,14.49275362,,7.482993197,,7.67,,,,,,,,,,,,,,,,,,6.2006,15.4,,0.02154047,244163,405975,757120,924206,1265211,736986,365323,0.021505346,281807,736986,0.038166369,820886,1042097,0.015243801,0.006079027,2863,1986,1.78,1485,3710,0.010711553
30308,Atlanta,,,,,,,96,85,,,,10.45378283,,10.60693732,,,,,156,164,208,254900,439500,,,,335000,,296900,,323.6876344,324.1666667,,,,334.2070773,,325.9606694,,316.2565632,367.8120272,366.1008122,249900,762500,575000,216,,,,7595,6450,,2.358490566,2.188896601,,,1587,2300,,,1850,1800,1785,2.123906706,1.942394239,,,,1.965962441,2,,2.082434439,,2.260802469,1769,,1625,234600,260,246.6869,198.0952381,,324,,55,59,44.64,54.35,7.346938776,,8.121827411,,,,13.83,,,,,,,,,,,,,,,,,,3.3762,58.6,,-0.00130719,256574,357648,653400,829730,989268,309580,219143,0.029734746,288839,309580,0.031527599,596100,518466,0.025779723,0.000561798,1802,1781,1.924,1631,2828,0.041819853
30309,Atlanta,,,,,,,190,172,,,,18.06611553,,15.68562787,,25.38123342,,,236,251,307,261450,470000,799900,,,434950,,342500,,327.0118743,321.6460348,437.0972325,,,335.2856919,,337.6668672,,299.1631799,328.1339031,385.8981861,258951,824950,729900,318,,,,7000,5100,5000,2.008032129,1.96155355,0.927643785,,1874,2740,3560,,2000,2000,,2.538834951,2.426100629,2.55829904,,,2.081784387,2.132843137,,2.529935871,2.361006289,2.893861693,2110,,1684,265000,280,243.3638,331.0085,,518,,83,72,42.14,57.06,13.73056995,,11.9047619,,19.56521739,,14.6,,,,,,,,,,,,,,,,,,3.7944,37.9,,0.011912226,268157,377470,709787,1194605,1760700,354915,253560,0.016635193,320692,354915,0.021811544,758988,747687,0.016337533,0.033492823,1996,1944,1.964,1669,4147,0.05
30310,Atlanta,,,,,,,180,163,,,,23.04652652,,,,23.75787774,,,195,203,258,,196500,238900,,,216700,131749,,,,,171.3641531,,,166.2388393,122.4080758,,,191.6859122,166.7087989,250.4791665,249900,219900,367945,268,,,,9000,,9000,3.199891137,,3.152470446,,,1150,1400,,1395,,,,1.119791667,1.000769823,,,1.035995856,,,1.018260369,1.035995856,,875,1398,,119750,49,,64.929,,237,,69,68,2.1,97.73,21.58054711,,,,22.22222222,,37.76,,,,,,,,,,,,,,,,,,5.7966,110.8,,0.009803922,126407,,240216,,299078,236996,177414,0.119924755,153409,236996,0.076862959,238612,299080,0.027632131,0.047658176,1374,1275,0.996,1156,1286,0.069196429
30311,Atlanta,,,,,,,100,91,,,,17.89913539,,,,18.6280557,,,114,118,152,,171650,197200,,,194900,134274,,,,136.8686869,130.5057096,,,131.6049383,95.20375472,,,162.4401379,135.8639209,,244900,206000,368750,152,,,,9000,,9000,3.405797101,,3.522734765,,,,1235,,1300,,,,,0.95,,,0.920846395,,,,0.932835821,,,1300,,58230.7692,53,1444.954128,71.8757,,137,,36,33,8.08,91.62,17.06161137,,,,17.85714286,,21.66,,,,,,,,,,,,,,,,,,4.2222,96.8,,0.002617801,174103,172209,202257,150100,293656,205449,159808,0.113272216,,205449,0.084003419,208673,260659,0.046037715,0.021669342,1381,1273,0.854,1165,1306,0.075077399
30312,Atlanta,,,,,,,80,76,,,,16.71363352,,17.97406295,,15.71509304,,,100,111,144,,325000,433429.5,,,385900,,284950,,300.8207934,268.9097721,245.0130095,,,269.3696121,,269.2246193,,257.1428571,269.9594699,306.5448583,257203,435825,498438,152,,,,10000,5000,13500,3.41497068,1.755001755,3.099147409,,1550,2200,2850,,2290,1795,,2.103407319,1.935268602,1.764705882,,,1.71641791,1.763392857,,2.076923077,1.610743566,2.506844981,1715,2425,1510,245025,216,192.1119,242.6504,,476,,28,39,50.52,48.08,15.04854369,,16.47058824,,14.04958678,,13.52,,,,,,,,,,,,,,,,,,4.0278,69.1,,0.012916383,262908,344388,457382,599105,671823,374145,258591,0.036889864,298745,374145,0.026534129,448582,532465,0.020288305,0.023514851,1912,1654,1.5,1604,2172,0.039205703
30313,Atlanta,,,,,,,22,21,,,,19.95462056,,22.46130426,,,,,32,42,,,,,,,300000,,235000,,,,,,,214.5776567,,214.5849657,,,,,,,,,,,,,,,,,,,1515,1932.5,,,,,,,,,,,,,,,,,1647.5,,,181882.3529,193,156.3678,,,221,,14,12,40.22,58.77,18.03278689,,21.27659574,,,,15.15,,,,,,,,,,,,,,,,,,2.9292,88.8,,0.040531561,228320,325670,462942,884622,809208,284853,214699,0.017410259,277225,284853,0.025108322,384113,396144,0.01569655,0.049300061,1727,1724,1.438,1633,,0.04021164
30314,Atlanta,,,,,,,,,,,,16.55109342,,,,17.68211449,,,118,124,172,,,,,,,,,,,,,,,,105.7692308,,,192.0395736,,,250247,,,169,,,,7000,,7000,3.107954545,,3.107954545,,,,,,1300,,,,,,,,1.149665552,,,,1.080748485,,,1350,,35000,42,,29.91452991,,167,,52,42,3.76,96.09,15.34653465,,,,16.14583333,,26.59,,,,,,,,,,,,,,,,,,5.05,123.5,,-0.01097973,134699,139863,192701,222282,234561,183600,131928,0.302658083,115372,183600,0.241538805,184547,248204,0.210627204,0.035073409,1297,1269,1.026,1314,1258,0.067208272
30315,Atlanta,,,,,,,148,135,,,,14.60747512,,,,15.55746332,,,189,207,246,,89900,,,,,,,,,,,,,,,,,,,,233570,,447427,261,,,,5000,,5000,2.53164557,,2.53164557,,,,1295,,1292.5,,,,1.225641026,1.115319865,,,1.135885771,,,,1.12704918,,,1295,,125250,100.6655,64.86796785,109.749,,254,,59,59,11.8,87.92,13.2183908,,,,14.02439024,,30.8,,,,,,,,,,,,,,,,,,4.1796,117.8,,0.003389831,154941,142028,162312,235675,257906,164376,131959,0.232962084,151346,164376,0.13678707,165721,304597,0.077308047,-0.003088803,1301,1291,1.056,1366,1217,0.003371544
30318,Atlanta,,,,,,,238,219,,,,14.5612339,,11.22259085,,15.28348199,,,250,280,352,,269700,353425,524900,,345000,,249900,,,204.5454545,195.1941392,212.8978403,,203.3594613,108.7736603,206.7424242,,200.0580694,196.0784314,229.7136038,250000,343950,481284,376,,,,6000,,7375,2.456140351,,2.818277111,,1463.5,1795,1800,,1600,,,1.943679599,1.560392532,1.341145833,,,1.333333333,,,1.820246637,1.329849306,2.146028768,1515,1600,1337,257750,130,153.6297,168.0849,,318,,107,94,26.2,73.22,12.39669421,,11.32075472,,12.87356322,,21.99,,,,,,,,,,,,,,,,,,4.8536,67,,0.02804428,174722,235588,254435,398036,477946,267538,156291,0.1388982,280556,267538,0.066096569,268964,486685,0.042444454,0.033187226,1602,1650,1.19,1454,1377,0.018954918
30324,Atlanta,,,,,,,180,164,,,,15.67398848,,13.76144811,,16.72804072,,,186,201,244,160000,249900,530350,735919,,427900,,220000,,213.6923077,207.4688797,268.2505285,257.8101644,,235.8490566,,202.7677497,,198.5588471,269.0686077,268.2505285,239899,586990,586121,252,,,,5100,5001,11250,2.439512195,2.601156069,2.25660247,,1414,1848,2300,,2014,1600,,1.958438287,1.591373794,1.3904392,,,1.475237092,1.479750779,,1.780358888,1.539448364,,1569,2825,,259425,228,153.0812,260.3602,,283,,63,54,60.26,38.55,11.74603175,,12.66666667,,10.90909091,,11.01,,,,,,,,,,,,,,,,,,5.6514,34.5,,-0.004651163,182336,293082,540643,698020,1010106,444480,251676,0.021412338,265924,444480,0.015241876,593106,715243,0.006514085,0.033005211,2078,1784,1.474,1491,2700,0.008377425
30327,Atlanta,,,,,,,259,247,,,,15.19028275,,,,15.09753365,,,248,263,300,,225000,849000,1238333.5,1912497.5,1249900,,245500,,,184.2307692,325.7629524,308.9263681,331.9979034,308.9263681,,201.3349515,,,338.060791,330.9063534,,1495000,1450000,309,,,,15000,,19000,1.872146119,,1.932712956,,1375,1787.5,2760,,,,,1.652304937,1.410845588,1.53150134,,,1.711288987,,,1.52123075,,,1652.5,,,709450,292,138.8756,282.8087,,778,,55,37,75.88,23.78,8.670520231,,,,7.986111111,,6.95,,,,,,,,,,,,,,,,,,4.4721,37.8,,0.018697614,162356,240828,754427,1061648,1717327,1088157,533989,0.032962633,238560,1088157,0.031247601,1244317,1851512,0.017374657,0.048387097,4343,1950,1.58,1615,6168,-0.06271777
30328,Atlanta,,,,,,,262,256,,,,19.49769291,,21.87494626,,17.88029178,,,236,260,316,153000,195000,449900,589900,925000,430525,152995,207900,,233.6752559,154.6416938,210.3298561,208.5972381,227.5888146,201.7085904,144.4897959,159.2381536,,157.0247934,221.1057692,233.0243644,217525,572450,546445,338,,,,5000,4900,10000,2.059466674,2.169312169,1.964785914,,1505,1990,2225,,2200,1400,,1.931818182,1.697761194,1.336898396,,,1.288336874,1.399437412,,1.822222222,1.186708861,2.069536424,1668,2700,1305,272925,176,112.9032,203.3584,,402,,79,73,48.12,50.66,15.20190024,,19.8757764,,12.30769231,,14.03,,,,,,,,,,,,,,,,,,3.3605,38.9,,0.036152797,150877,236276,435102,559785,779511,462176,240409,0.029558,233819,462176,0.027411664,540248,691502,0.021790751,0.020975057,2267,1801,1.17,1610,2848,0.014712439
30331,Atlanta,,,,,,,186,159,,,,13.28098185,,,,13.45454502,,,212,228,294,,90000,165000,265081,319195,215000,,,,,103.4282901,109.7802977,110.3658537,92.98432685,108.5924258,100.2138823,,,115.4384029,107.6311,106.5011981,233221,219950,370140,304,,,,5000,,5000,2.000808843,,2.000808843,,1179,1115,1299,1564.5,1395,,,1.358552632,1.127329193,0.963285336,,,0.938521242,,,1.136645963,0.934106774,,1095,1399,,145750,71,76.9542,66.7966,,108,,81,74,21.31,78.14,12.85714286,,,,13.10679612,,19.87,,,,,,,,,,,,,,,,,,0.8307,150.9,,0.033480176,132963,130018,157279,238074,307464,186278,138250,0.122277513,166892,186278,0.078996756,187639,278285,0.053471381,0.034912718,1435,1245,0.816,1226,1374,0.050073638
30336,Atlanta,,,,,,,,,,,,,,,,,,,,,,,,,,,,,,,,,,,,,,,,,,,,,,,,,,,,,,,,,,,,,,,,,,,,,,,,,,,,,,,,,,,112,,,,98.48484848,0,,,,,,,15.87,,,,,,,,,,,,,,,,,,0.7143,,,0.007712082,,,181283,214699,,182838,195052,0.078541095,219381,182838,0.094078365,182386,201548,0.005598076,0.040310078,1393,1342,,1427,,-0.032571033
30337,Atlanta,,,,,,,40,36,,,,14.62947715,,,,14.93205262,,,51,52,66,,,310000,,,279900,,,,,,163.6661211,,,153.0612245,,,,,153.0612245,,,279900,,66,,,,10000,,10000,3.034901366,,3.034901366,,,,,,,,,,,,,,,,,,,,,,,134497,93,,88.2418813,,-270,,13,12,17.54,81.92,12.28070175,,,,12.28070175,,22.21,,,,,,,,,,,,,,,,,,4.406,66.3,,-0.094273128,154411,177139,194433,276520,321816,201898,152646,0.070201146,,201898,0.075384165,202384,304431,0.01607057,-0.018942384,1370,1243,0.86,1279,1339,-0.016487455
30342,Atlanta,,,,,,,252,240,,,,18.46188568,,20.96401494,,17.63010192,,,182,198,231,,343000,554900,849450,1625000,649500,,,,,230.8800419,244.8021124,260.7749627,318.7814413,249.7827976,,192.4444444,,,271.5059341,266.2849534,,750000,748000,247,,,,7775,5550,10000,2.27538329,2.932038835,1.757983457,,1295,1410,2100,,3045,,,1.825378347,1.244212963,1.383484652,,,1.527050611,,,1.721635884,1.47706422,,1555,3500,,449850,251,160.2716,254.0387,,1414,,58,51,75.22,24.31,13.7704918,,20.28985507,,11.86440678,,8.95,,,,,,,,,,,,,,,,,,4.9005,35.9,,0.019164956,183774,265487,563292,761550,1318731,660488,337061,0.018883723,242683,660488,0.009118132,767132,1151196,0.007063994,0.023503078,2876,1829,1.442,1590,3916,0.019921875
30344,Atlanta,,,,,,,110,101,,,,18.66704644,,,,18.84371533,,,156,160,223,,164900,176900,214664,,176900,131538,,,,136.2028268,140.3513699,101.7849773,,134.8385247,115.4834036,,,160.2469632,136.1946903,,225614,177900,,219,,,,5000,,5000,2.326663564,,2.326663564,,,963,1205,,1200,,,,0.984567901,0.896603397,,,0.961538462,,,,0.981308411,,940,1250,,118185,56,88.61952862,86.4222,,189,,75,59,5.49,94.32,15.87301587,,,,16.06425703,,25.15,,,,,,,,,,,,,,,,,,5.2481,102.6,,0.000915751,154200,157557,176912,211960,245804,176627,146859,0.106674303,143015,176627,0.095592249,177447,217561,0.070589914,0.014744146,1298,1170,0.87,1037,1196,0.030864198
30349,Atlanta,,,,,,,239,230,,,,9.14747483,,,,9.36850519,,,204,219,298,,109000,159000,231400,280508,185000,145225,,,,88.35034014,100.4696917,96.56984433,91.07402336,96.93888889,93.05,,,103.4585048,98.04214383,103.1233233,243958,189900,355950,301,,,,5000,,5000,2.898130239,,2.898130239,,859,989,1275,1595,1395,,,,0.903225806,0.868184542,0.726042314,,0.817948718,,,0.882777277,0.824652778,,950,1395,,108455,63,39.41176471,61.4474,,128,,81,78,12.17,87.42,7.910750507,,,,8.158995816,,25.31,,,,,,,,,,,,,,,,,,1.4238,247.2,,0.010967099,104693,117652,143761,198868,274174,163519,130647,0.099962955,80796,163519,0.086533861,164941,239123,0.064187806,0.058464223,1361,1213,0.732,1057,1263,0.07704918
30350,Atlanta,,,,,,,154,144,,,,15.22385771,,2.78793861,,18.53220006,,,121,143,166,,155700,309000,625000,780000,539000,144900,144950,,,137.1253807,150.1251043,186.0665719,193.0701566,165.4896552,135.0140316,131.4174116,,146.4128843,181.6528067,190.0025504,,619900,650000,186,,,,10500,,11000,2.336830631,,2.234636872,,1082.5,1305,1566,,1600,1250,,1.337702053,1.096261938,1.01566585,,,1.060447778,1.121262458,,1.170257823,0.998402556,,1222,2100,,340950,145,100.2188,150.5792,,513,,45,39,36.2,62.83,11.46788991,,2.380952381,,13.63636364,,18.39,,,,,,,,,,,,,,,,,,3.0716,34.7,,0.031323414,128318,169709,289916,587540,712114,431131,171791,0.040501744,163074,431131,0.025999153,585130,712474,0.026530847,0.02124834,2059,1538,1.022,1411,3186,0.045889101
30354,Atlanta,,,,,,,64,56,,,,13.35837268,,,,13.57341816,,,,,94,,,,,,,,,,,,92.85714286,,,119.3839238,,,,119.3839238,119.3839238,,225755,,,106,,,,5000,,5000,2.777808642,,2.777808642,,,,,,1125,,,,,,,,0.995,,,,1.001248828,,,1137,,89600,56,2317.655078,43.94861393,,130,,27,29,4.15,95.72,13.63636364,,,,13.90728477,,28.41,,,,,,,,,,,,,,,,,,4.4003,91.2,,0.018783542,180169,156140,152208,186176,213950,160190,125562,0.192331067,169608,160190,0.13730112,159847,207227,0.090479022,0.020408163,1272,1250,0.982,1099,1128,0.068817204
,,,,,,,,,,,,,,,,,,,,,,,,,,,,,,,,,,,,,,,,,,,,,,,,,,,,,,,,,,,,,,,,,,,,,,,,,,,,,,,,,,,,,,,,,,,,,,,,,,,,,,,,,,,,,,,,,,,,,,,,,,,,,,,,,,,,,,,,,,
,,,,,,,,,,,,,,,,,,,,,,,,,,,,,,,,,,,,,,,,,,,,,,,,,,,,,,,,,,,,,,,,,,,,,,,,,,,,,,,,,,,,,,,,,,,,,,,,,,,,,,,,,,,,,,,,,,,,,,,,,,,,,,,,,,,,,,,,,,
,,,,,,,,,,,,,,,,,,,,,,,,,,,,,,,,,,,,,,,,,,,,,,,,,Top 10,Bottom 10,,,,,,,,,,,,,,,,,,,,,,,,,,,,,,,,,,,,,,,,,,,,,,,,,,,,,,,,,,,,,,,,,,,,,,,,,,,,,,,,,,,,,,,,
,,,,,,,,,,,,,,,,,,,,,,,,,,,,,,,,,,,,,,,,,,,,,,,,,Avondale,Forest Park,,,,,,,,,,,,,,,,,,,,,,,,,,,,,,,,,,,,,,,,,,,,,,,,,,,,,,,,,,,,,,,,,,,,,,,,,,,,,,,,,,,,,,,,
,,,,,,,,,,,,,,,,,,,,,,,,,,,,,,,,,,,,,,,,,,,,,,,,,Brooks,Conley,,,,,,,,,,,,,,,,,,,,,,,,,,,,,,,,,,,,,,,,,,,,,,,,,,,,,,,,,,,,,,,,,,,,,,,,,,,,,,,,,,,,,,,,
,,,,,,,,,,,,,,,,,,,,,,,,,,,,,,,,,,,,,,,,,,,,,,,,,Alpharetta,Morrow,,,,,,,,,,,,,,,,,,,,,,,,,,,,,,,,,,,,,,,,,,,,,,,,,,,,,,,,,,,,,,,,,,,,,,,,,,,,,,,,,,,,,,,,
,,,,,,,,,,,,,,,,,,,,,,,,,,,,,,,,,,,,,,,,,,,,,,,,,Roswell,Riverdale,,,,,,,,,,,,,,,,,,,,,,,,,,,,,,,,,,,,,,,,,,,,,,,,,,,,,,,,,,,,,,,,,,,,,,,,,,,,,,,,,,,,,,,,
,,,,,,,,,,,,,,,,,,,,,,,,,,,,,,,,,,,,,,,,,,,,,,,,,Atlanta,Rex,,,,,,,,,,,,,,,,,,,,,,,,,,,,,,,,,,,,,,,,,,,,,,,,,,,,,,,,,,,,,,,,,,,,,,,,,,,,,,,,,,,,,,,,
,,,,,,,,,,,,,,,,,,,,,,,,,,,,,,,,,,,,,,,,,,,,,,,,,Suwanee,Union City,,,,,,,,,,,,,,,,,,,,,,,,,,,,,,,,,,,,,,,,,,,,,,,,,,,,,,,,,,,,,,,,,,,,,,,,,,,,,,,,,,,,,,,,
,,,,,,,,,,,,,,,,,,,,,,,,,,,,,,,,,,,,,,,,,,,,,,,,,Peachtree City,Lithonia,,,,,,,,,,,,,,,,,,,,,,,,,,,,,,,,,,,,,,,,,,,,,,,,,,,,,,,,,,,,,,,,,,,,,,,,,,,,,,,,,,,,,,,,
,,,,,,,,,,,,,,,,,,,,,,,,,,,,,,,,,,,,,,,,,,,,,,,,,Duluth,Stone Mountain,,,,,,,,,,,,,,,,,,,,,,,,,,,,,,,,,,,,,,,,,,,,,,,,,,,,,,,,,,,,,,,,,,,,,,,,,,,,,,,,,,,,,,,,
,,,,,,,,,,,,,,,,,,,,,,,,,,,,,,,,,,,,,,,,,,,,,,,,,Tyrone,Jonesboro,,,,,,,,,,,,,,,,,,,,,,,,,,,,,,,,,,,,,,,,,,,,,,,,,,,,,,,,,,,,,,,,,,,,,,,,,,,,,,,,,,,,,,,,
,,,,,,,,,,,,,,,,,,,,,,,,,,,,,,,,,,,,,,,,,,,,,,,,,Marietta,Austell,,,,,,,,,,,,,,,,,,,,,,,,,,,,,,,,,,,,,,,,,,,,,,,,,,,,,,,,,,,,,,,,,,,,,,,,,,,,,,,,,,,,,,,,