Titles,30004,30005,30009,30022,30075,30076,30097,30213,30268,30291,30303,30305,30306,30308,30309,30310,30311,30312,30313,30314,30315,30318,30324,30327,30328,30331,30336,30337,30342,30344,30349,30350,30354
Age of Inventory (Public),,,,,,,,,,,,,,,,,,,,,,,,,,,,,,,,,
Buyer Seller Index Cross MSA,,,,,,,,,,,,,,,,,,,,,,,,,,,,,,,,,
Buyer Seller Index Cross Time MSA,,,,,,,,,,,,,,,,,,,,,,,,,,,,,,,,,
Days on Zillow MSA,,,,,,,,,,,,,,,,,,,,,,,,,,,,,,,,,
Days on Zillow (Public),,,,,,,,,,,,,,,,,,,,,,,,,,,,,,,,,
"Foreclosures Per 10,000 Homes MSA",,,,,,,,,,,,,,,,,,,,,,,,,,,,,,,,,
Inventory Measure (Public),525.0,168.0,167.0,286.0,322.0,162.0,282.0,178.0,102.0,77.0,,306.0,123.0,96.0,190.0,180.0,100.0,80.0,22.0,,148.0,238.0,180.0,259.0,262.0,186.0,,40.0,252.0,110.0,239.0,154.0,64.0
Inventory Measure - SSA (Public),507.0,158.0,163.0,258.0,296.0,141.0,259.0,167.0,96.0,62.0,,283.0,114.0,85.0,172.0,163.0,91.0,76.0,21.0,,135.0,219.0,164.0,247.0,256.0,159.0,,36.0,240.0,101.0,230.0,144.0,56.0
Inventory Measure - Tiers (Public) - Inventory Seasonally Adjusted Bottom Tier,,,,,,,,,,,,,,,,,,,,,,,,,,,,,,,,,
Inventory Measure - Tiers (Public) - Inventory Seasonally Adjusted Middle Tier,,,,,,,,,,,,,,,,,,,,,,,,,,,,,,,,,
Inventory Measure - Tiers (Public) - Inventory Seasonally Adjusted Top Tier,,,,,,,,,,,,,,,,,,,,,,,,,,,,,,,,,
Listings Price Cuts (SA) All Homes,17.1059725319432,18.4244514844044,13.9111144596334,17.6870785684268,20.3770395258221,21.0661627370908,15.0131188400357,11.5857830180761,9.66409514573393,9.04587980138101,,15.4817868154028,15.4276049190631,10.4537828287273,18.0661155326459,23.046526524899,17.8991353882252,16.7136335165647,19.9546205564634,16.5510934175773,14.6074751150557,14.5612338980594,15.673988482751,15.1902827521489,19.4976929051271,13.280981846537,,14.6294771457017,18.4618856798362,18.6670464407916,9.14747483029178,15.2238577064475,13.3583726819663
Listings Price Cuts (SA) Bottom Tier,,,,,,,,,,,,,,,,,,,,,,,,,,,,,,,,,
Listings Price Cuts (SA) Condominiums,,,,,,,,,,,,13.4321439754946,18.8736827422253,10.6069373180373,15.6856278728892,,,17.9740629536139,22.4613042642229,,,11.222590851384,13.7614481076088,,21.874946264244,,,,20.9640149399159,,,2.78793860995263,
Listings Price Cuts (SA) Middle Tier,,,,,,,,,,,,,,,,,,,,,,,,,,,,,,,,,
Listings Price Cuts (SA) Single-Family Residence,17.6081039511452,18.9927766363862,14.9572531114132,18.2177667068254,20.9132113151665,21.2694298902753,15.1166285506067,11.5461825580424,9.21500278787288,8.84253064531922,,17.801073788475,13.7689960005636,,25.3812334157955,23.7578777433497,18.628055699532,15.7150930408596,,17.6821144864824,15.5574633188425,15.2834819921307,16.7280407177506,15.097533650738,17.8802917833708,13.4545450163588,,14.9320526194904,17.6301019241602,18.8437153295932,9.36850518994333,18.5322000639879,13.5734181599335
Listings Price Cuts (SA) Top Tier,,,,,,,,,,,,,,,,,,,,,,,,,,,,,,,,,
Median Age Of Inventory - NSA - All Homes,,,,,,,,,,,,,,,,,,,,,,,,,,,,,,,,,
Median Daily Listings - NSA - All Homes,340.0,138.0,168.0,210.0,258.0,156.0,213.0,146.0,80.0,,,256.0,127.0,156.0,236.0,195.0,114.0,100.0,32.0,118.0,189.0,250.0,186.0,248.0,236.0,212.0,,51.0,182.0,156.0,204.0,121.0,
Median Daily Listings - SA - All Homes,393.0,163.0,172.0,258.0,294.0,182.0,254.0,168.0,88.0,,,281.0,138.0,164.0,251.0,203.0,118.0,111.0,42.0,124.0,207.0,280.0,201.0,263.0,260.0,228.0,,52.0,198.0,160.0,219.0,143.0,
Monthly Listings - NSA - All Homes,449.0,184.0,210.0,284.0,352.0,213.0,275.0,212.0,100.0,,,321.0,162.0,208.0,307.0,258.0,152.0,144.0,,172.0,246.0,352.0,244.0,300.0,316.0,294.0,,66.0,231.0,223.0,298.0,166.0,94.0
Median Listing Price - One Bedroom,,,,,,,,,,,,212000.0,,254900.0,261450.0,,,,,,,,160000.0,,153000.0,,,,,,,,
Median Listing Price - Two Bedrooms,297000.0,,,,329900.0,,,,439000.0,,,410000.0,,439500.0,470000.0,196500.0,171650.0,325000.0,,,89900.0,269700.0,249900.0,225000.0,195000.0,90000.0,,,343000.0,164900.0,109000.0,155700.0,
Median Listing Price - Three Bedrooms,350000.0,459880.0,555127.0,327450.0,400000.0,374638.5,325000.0,195900.0,188990.0,149900.0,,973353.0,769000.0,,799900.0,238900.0,197200.0,433429.5,,,,353425.0,530350.0,849000.0,449900.0,165000.0,,310000.0,554900.0,176900.0,159000.0,309000.0,
Median Listing Price - Four Bedrooms,529387.5,479200.0,613990.0,460000.0,519900.0,430000.0,459000.0,239900.0,,200000.0,,922450.0,1129000.0,,,,,,,,,524900.0,735919.0,1238333.5,589900.0,265081.0,,,849450.0,214664.0,231400.0,625000.0,
Median Listing Price - Five Or More Bedrooms,854500.0,649450.0,,740400.0,740990.0,699900.0,735000.0,268950.0,,,,1795000.0,1310000.0,,,,,,,,,,,1912497.5,925000.0,319195.0,,,1625000.0,,280508.0,780000.0,
Median Listing Price - All Homes,540000.0,489000.0,556100.5,449900.0,515000.0,410000.0,475000.0,228380.0,277450.0,150990.0,,640000.0,749000.0,335000.0,434950.0,216700.0,194900.0,385900.0,300000.0,,,345000.0,427900.0,1249900.0,430525.0,215000.0,,279900.0,649500.0,176900.0,185000.0,539000.0,
Median Listing Price - Bottom Tier,,,,,,,,158455.0,132934.0,133028.0,,150000.0,,,,131749.0,134274.0,,,,,,,,152995.0,,,,,131538.0,145225.0,144900.0,
Median Listing Price - Condo/Co-op,259900.0,,,,245000.0,,,,,,,315000.0,298000.0,296900.0,342500.0,,,284950.0,235000.0,,,249900.0,220000.0,245500.0,207900.0,,,,,,,144950.0,
Median Listing Price - Duplex/Triplex,,,,,,,,,,,,,,,,,,,,,,,,,,,,,,,,,
Median Listing Price Per Square Foot - One Bedroom,,,,,,,,,,,,247.326732673267,,323.687634408602,327.011874259581,,,300.820793433653,,,,,213.69230769231,,233.67525590985,,,,,,,,
Median Listing Price Per Square Foot - Two Bedrooms,223.851294903926,,,,197.978096040438,,,,,,,289.566785071763,335.213032581454,324.166666666667,321.646034762197,,136.868686868687,268.909772060797,,,,204.545454545455,207.46887966805,184.23076923077,154.641693811075,103.42829014228,,,230.880041920553,136.202826832617,88.3503401360544,137.125380729748,
Median Listing Price Per Square Foot - Three Bedrooms,169.728950150418,203.004212091179,216.961439588689,165.659215328467,189.754960332227,171.733409610984,146.27219694527,103.942186612676,98.087259306804,83.7349397590361,,339.761248852158,377.477857444116,,437.097232504057,171.364153088291,130.505709624796,245.01300954033,,,,195.194139194139,268.250528541226,325.762952448545,210.329856124751,109.780297661233,,163.66612111293,244.802112361558,140.35136990576,100.46969165418,150.125104253545,92.857142857143
Median Listing Price Per Square Foot - Four Bedrooms,168.592405063291,158.256880733945,194.116345241859,156.876049693462,178.091684434968,165.111478117258,150.003629826363,90.3550469869946,,76.608981340792,,306.450463292944,373.003992015968,,,,,,,,,212.897840338413,257.810164424514,308.926368120704,208.597238091728,110.365853658537,,,260.774962742176,101.7849772653,96.5698443321352,186.066571851314,
Median Listing Price Per Square Foot - Five Or More Bedrooms,183.316357710328,166.556194232106,,179.007338677174,179.472798653954,,157.141975962634,85.8425896540781,,,,387.4732067739,,,,,,,,,,,,331.997903363078,227.588814559963,92.9843268489984,,,318.781441305729,,91.0740233563315,193.070156618751,
Median Listing Price Per Square Foot - All Homes,175.844051446945,176.872669651323,215.59375,166.361224981915,184.08581492155,166.797590992406,151.234803420199,93.5894187197734,121.951219512195,81.0215763980625,,306.450463292944,353.767732241089,334.207077326343,335.285691860921,166.238839285714,131.604938271605,269.369612068965,214.577656675749,,,203.359461276149,235.849056603774,308.926368120704,201.708590412909,108.592425847458,,153.061224489796,249.782797567333,134.838524682677,96.9388888888889,165.489655172414,119.383923849815
Median Listing Price Per Square Foot - Bottom Tier,,,,,,,,96.0757780784844,94.7541955573257,77.8776978417266,,203.171768707483,,,,122.408075828271,95.2037547234193,,,105.769230769231,,108.773660260444,,,144.489795918367,100.213882301481,,,,115.483403582719,93.05,135.014031582953,
Median Listing Price Per Square Foot - Condo/Co-op,169.141089108911,,192.77717202364,,188.91891891892,,,,,,,283.327185714826,321.285714285714,325.960669396978,337.6668671846,,,269.224619307004,214.58496567693,,,206.74242424242,202.767749699158,201.334951456311,159.238153594771,,,,192.444444444444,,,131.417411632999,
Median Listing Price Per Square Foot - Duplex/Triplex,,,,,,,,,,,,,,,,,,,,,,,,,,,,,,,,,
Median Listing Price Per Square Foot - Middle Tier,162.056737588652,,,165.625,177.758215962441,161.892901618929,144.263865833415,90.1824461126988,,,,240.112994350282,,316.256563245823,299.163179916318,191.685912240185,162.440137930334,257.142857142857,,192.039573636843,,200.058069381599,198.558847077662,,157.02479338843,115.438402856083,,,,160.246963201143,103.45850475438,146.41288433382,119.383923849815
Median Listing Price Per Square Foot - Single-Family Residence,175.919825503451,177.220863895681,212.151379567487,166.551514686099,184.381915602892,167.684582525706,150.972241533984,93.5894187197734,121.618725698127,88.0827329662041,,333.889816360601,377.211238293444,367.81202723147,328.133903133903,166.70879885953,135.863920899132,269.95946989192,,,,196.078431372549,269.068607708105,338.060791020067,221.105769230769,107.631100001891,,153.061224489796,271.505934096835,136.194690265487,98.0421438333569,181.652806652807,119.383923849815
Median Listing Price Per Square Foot - Top Tier,180.161105129742,180.207485760781,222.8296,166.828322017459,185.626256172243,172.103846153846,153.967848966258,110.3515625,249.63017751479,,,334.30291711457,369.00592074108,366.100812246881,385.898186073727,250.479166529081,,306.544858264363,,,,229.713603818616,268.250528541226,330.906353408339,233.02436440678,106.501198115838,,,266.284953395473,,103.123323323338,190.002550369804,
Median Listing Price - Middle Tier,259548.0,,,262976.0,293652.0,276511.0,262888.0,239078.0,261560.0,210000.0,,242574.0,218950.0,249900.0,258951.0,249900.0,244900.0,257203.0,,250247.0,233570.0,250000.0,239899.0,,217525.0,233221.0,,,,225614.0,243958.0,,225755.0
Median Listing Price - Single-Family Residence,553700.0,509450.0,569900.0,467500.0,524450.0,414950.0,477995.0,228380.0,279900.0,158990.0,,964000.0,874900.0,762500.0,824950.0,219900.0,206000.0,435825.0,,,,343950.0,586990.0,1495000.0,572450.0,219950.0,,279900.0,750000.0,177900.0,189900.0,619900.0,
Median Listing Price - Top Tier,645449.0,521961.0,579900.0,540847.0,542720.0,450000.0,544605.0,360000.0,669900.0,,,849000.0,835600.0,575000.0,729900.0,367945.0,368750.0,498438.0,,,447427.0,481284.0,586121.0,1450000.0,546445.0,370140.0,,,748000.0,,355950.0,650000.0,
Monthly Listings - SA - All Homes,493.0,198.0,210.0,331.0,373.0,236.0,315.0,224.0,108.0,,,342.0,171.0,216.0,318.0,268.0,152.0,152.0,,169.0,261.0,376.0,252.0,309.0,338.0,304.0,,66.0,247.0,219.0,301.0,186.0,106.0
Monthly Listings - SA - Bottom Tier,,,,,,,,,,,,,,,,,,,,,,,,,,,,,,,,,
Monthly Listings - SA - Middle Tier,,,,,,,,,,,,,,,,,,,,,,,,,,,,,,,,,
Monthly Listings - SA - Top Tier,,,,,,,,,,,,,,,,,,,,,,,,,,,,,,,,,
Median Price Cut Dollar - All Homes,9000.0,7900.0,9000.0,5100.0,5000.0,5099.0,7000.0,5542.5,5100.0,4500.0,,9950.5,10000.0,7595.0,7000.0,9000.0,9000.0,10000.0,,7000.0,5000.0,6000.0,5100.0,15000.0,5000.0,5000.0,,10000.0,7775.0,5000.0,5000.0,10500.0,5000.0
Median Price Cut Dollar - Condo,,,,,,,,,,,,5000.0,,6450.0,5100.0,,,5000.0,,,,,5001.0,,4900.0,,,,5550.0,,,,
Median Price Cut Dollar - Single-Family Residence,9000.0,7900.0,9000.0,5100.0,5000.0,5100.0,7000.0,5542.5,,5000.0,,17000.0,12550.0,,5000.0,9000.0,9000.0,13500.0,,7000.0,5000.0,7375.0,11250.0,19000.0,10000.0,5000.0,,10000.0,10000.0,5000.0,5000.0,11000.0,5000.0
Median Price Of Reduction - All Homes,1.42857142857142,1.44901859942537,2.36235119047619,1.61359175790137,1.08913091798177,1.78635226866738,1.50862068965517,2.18253968253969,3.17460317460317,2.63532187394675,,2.00741756226783,2.04644412191582,2.35849056603774,2.00803212851406,3.19989113677328,3.40579710144927,3.41497067954467,,3.10795454545454,2.53164556962026,2.45614035087719,2.43951219512195,1.87214611872146,2.05946667378659,2.00080884338469,,3.03490136570561,2.27538329026701,2.32666356444858,2.89813023855577,2.33683063087614,2.77780864231825
Median Price Of Reduction - Condo,,,,,,,,,,,,2.68184678757366,,2.18889660127376,1.96155355041192,,,1.7550017550018,,,,,2.60115606936416,,2.16931216931217,,,,2.93203883495146,,,,
Median Price Of Reduction - Single-Family Residence,1.35999999999999,1.44901859942537,2.28550278406946,1.55484482350154,1.05646195181875,1.78635226866738,1.50862068965517,2.18253968253969,,2.37209302325582,,1.68683032878298,1.8089363466722,,0.92764378478665,3.15247044558957,3.52273476546531,3.099147408646,,3.10795454545454,2.53164556962026,2.81827711072994,2.25660246975473,1.932712956335,1.96478591436574,2.00080884338469,,3.03490136570561,1.7579834569464,2.32666356444858,2.89813023855577,2.23463687150838,2.77780864231825
Median Rental Price - Five Or More Bedrooms,,,,,,,,,,,,,,,,,,,,,,,,,,,,,,,,,
Median Rental Price - One Bedroom,1246.0,1190.0,1656.5,1312.0,,1050.0,1369.0,,,,,1810.0,1449.5,1587.0,1874.0,,,1550.0,1515.0,,,1463.5,1414.0,1375.0,1505.0,1179.0,,,1295.0,,859.0,1082.5,
Median Rental Price - Two Bedrooms,1435.0,1622.0,,1544.0,,1480.5,1730.0,,,,,1970.0,1873.5,2300.0,2740.0,1150.0,,2200.0,1932.5,,,1795.0,1848.0,1787.5,1990.0,1115.0,,,1410.0,963.0,989.0,1305.0,
Median Rental Price - Three Bedrooms,1800.0,1895.0,1991.0,1799.5,2000.0,1752.5,1740.0,1350.0,,1200.0,,2972.5,3036.0,,3560.0,1400.0,1235.0,2850.0,,,1295.0,1800.0,2300.0,2760.0,2225.0,1299.0,,,2100.0,1205.0,1275.0,1566.0,
Median Rental Price - Four Bedrooms,2440.0,,,2200.0,,,2300.0,1695.0,,,,,,,,,,,,,,,,,,1564.5,,,,,1595.0,,
Median Rental Price - All Homes,1900.0,2245.0,2000.0,1950.0,2185.0,1887.5,2000.0,1545.0,,1275.0,,1895.0,2900.0,1850.0,2000.0,1395.0,1300.0,2290.0,,1300.0,1292.5,1600.0,2014.0,,2200.0,1395.0,,,3045.0,1200.0,1395.0,1600.0,1125.0
Median Rental Price - Condo/Co-op,,,,,,,,,,,,2250.0,,1800.0,2000.0,,,1795.0,,,,,1600.0,,1400.0,,,,,,,1250.0,
Median Rental Price - Duplex/Triplex,,,,,,,,,,,,,1462.5,1785.0,,,,,,,,,,,,,,,,,,,
Median Rental Price Per Square Foot - One Bedroom,1.51340056703119,1.4352941176471,2.05100574712644,1.50589622641509,,1.3592105263158,1.4711084949649,,,,,2.39144736842105,1.9375,2.12390670553936,2.53883495145631,,,2.10340731942692,,,,1.94367959949937,1.95843828715365,1.65230493651546,1.93181818181818,1.358552631579,,,1.82537834691502,,,1.33770205329838,
Median Rental Price Per Square Foot - Two Bedrooms,1.28240503360098,1.3785834738617,1.53416461142887,1.29671210906175,,1.26625084745763,1.2202995383855,,,,,1.5724563515954,1.64257792988623,1.94239423942394,2.42610062893082,1.11979166666667,,1.93526860193527,,,1.22564102564103,1.5603925318339,1.59137379423156,1.41084558823529,1.69776119402985,1.12732919254658,,,1.244212962963,0.984567901234568,0.903225806451613,1.09626193753086,
Median Rental Price Per Square Foot - Three Bedrooms,1.03035021126923,1.17157600448326,1.22262773722628,1.15236875800256,1.1615200621093,1.08489849485501,1.19828815977175,0.874737578726382,,0.763383518878586,,,1.6923807803046,,2.55829903978052,1.00076982294072,0.95,1.76470588235294,,,1.11531986531987,1.34114583333333,1.39043919952508,1.5315013404826,1.33689839572193,0.963285336262683,,,1.38348465196714,0.896603396603397,0.868184541641702,1.0156658496732,
Median Rental Price Per Square Foot - Four Bedrooms,0.86077844311377,,,0.851851851851852,,,0.840823298234728,,,,,,,,,,,,,,,,,,,,,,,,0.726042313769664,,
Median Rental Price Per Square Foot - Five Or More Bedrooms,,,,,,,,,,,,,,,,,,,,,,,,,,,,,,,,,
Median Rental Price Per Square Foot - All Homes,0.946453734147487,0.92598828764786,1.16382872240133,0.962081753571161,1.02222222222222,1.0437416998672,0.840823298234728,0.794117647058823,,0.760025873221216,,1.85745784695201,1.97024320992267,1.96596244131455,2.0817843866171,1.03599585620493,0.920846394984326,1.71641791044776,,1.14966555183946,1.13588577108342,1.33333333333333,1.47523709167545,1.71128898702733,1.28833687421692,0.938521241830065,,,1.52705061082024,0.961538461538462,0.817948717948718,1.06044777826369,0.995
Median Rental Price Per Square Foot - Condo/Co-op,,,,,,,,,,,,1.87845528455285,,2.0,2.1328431372549,,,1.7633928571429,,,,,1.4797507788162,,1.39943741209564,,,,,,,1.1212624584718,
Median Rental Price Per Square Foot - Duplex/Triplex,,,,,,,,,,,,,1.70714285714286,,,,,,,,,,,,,,,,,,,,
Median Rental Price Per Square Foot - Multi-Family Residence,1.33730522456462,1.4881956155143,1.98569867110947,1.37459978655283,,1.4406976744186,1.3352318958503,,,,,2.49338413667738,1.77480853391685,2.08243443869067,2.52993587123214,1.0182603686636,,2.07692307692308,,,,1.82024663661312,1.78035888812234,1.52123075012419,1.82222222222222,1.13664596273292,,,1.72163588390501,,0.882777276825969,1.17025782262544,
Median Rental Price Per Square Foot - Single-Family Residence,0.938908362543816,0.918522288032972,1.17955489709814,0.950555272625717,1.00471757256598,1.05363827695068,0.842318059299191,0.794117647058823,,0.763383518878586,,1.82915006728137,1.97024320992267,,2.3610062893082,1.03599585620493,0.932835820895522,1.61074356645861,,1.08074848492469,1.12704918032787,1.32984930640496,1.53944836433611,,1.18670886075949,0.93410677352637,,,1.47706422018349,0.981308411214953,0.824652777777778,0.998402555910543,1.0012488284911
Median Rental Price Per Square Foot - Studio,,,,,,,,,,,,2.72702331961591,,2.2608024691358,2.89386169275791,,,2.50684498130572,,,,2.14602876797999,,,2.0695364238411,,,,,,,,
Median Rental Price - Multi-Family Residence,1386.0,1649.0,1728.0,1437.0,1395.0,1150.0,1445.0,,,1000.0,,2075.0,1600.0,1769.0,2110.0,875.0,,1715.0,1647.5,,,1515.0,1569.0,1652.5,1668.0,1095.0,,,1555.0,940.0,950.0,1222.0,
Median Rental Price - Single-Family Residence,1900.0,2300.0,2100.0,1975.0,2200.0,1900.0,2000.0,1545.0,,1295.0,,3750.0,3425.0,,,1398.0,1300.0,2425.0,,1350.0,1295.0,1600.0,2825.0,,2700.0,1399.0,,,3500.0,1250.0,1395.0,2100.0,1137.0
Median Rental Price - Studio,1700.0,,,,,,,,,,,,,1625.0,1684.0,,,1510.0,,,,1337.0,,,1305.0,,,,,,,,
Median Sold Price - All Homes,323130.0,406320.0,299725.0,368650.0,367050.0,303975.0,331100.0,164625.0,148846.1538,73575.0,148900.0,477875.0,474365.0,234600.0,265000.0,119750.0,58230.7692,245025.0,181882.3529,35000.0,125250.0,257750.0,259425.0,709450.0,272925.0,145750.0,,134497.0,449850.0,118185.0,108455.0,340950.0,89600.0
Median Sold Price Per Square Foot - All Homes,153.0,145.0,152.0,149.0,156.0,146.0,139.0,72.0,78.0,62.0,145.0,295.0,313.0,260.0,280.0,49.0,53.0,216.0,193.0,42.0,100.6655,130.0,228.0,292.0,176.0,71.0,,93.0,251.0,56.0,63.0,145.0,56.0
Median Sold Price Per Square Foot - Condo,121.9626,103.46191889219,124.9952,128.0512,142.208,115.4268,121.68094218415,88.5148,,440.30677966102,184.4331641286,223.4816,221.6051,246.6869,243.3638,,1444.9541284404,192.1119,156.3678,,64.867967853043,153.6297,153.0812,138.8756,112.9032,76.9542,,,160.2716,88.619528619529,39.411764705882,100.2188,2317.6550783913
Median Sold Price Per Square Foot - Single-Family Residence,139.6337,138.0749,154.2714,145.2469,150.0906,144.7426,129.7537,70.4365,89.541547277937,57.501652346332,,335.2353,309.9092,198.09523809524,331.0085,64.929,71.8757,242.6504,,29.91452991453,109.749,168.0849,260.3602,282.8087,203.3584,66.7966,,88.241881298992,254.0387,86.4222,61.4474,150.5792,43.94861392833
Monthly Turnover MSA,,,,,,,,,,,,,,,,,,,,,,,,,,,,,,,,,
Median Value Per Square Foot - All Homes,491.0,496.0,423.0,400.0,354.0,276.0,145.0,188.0,299.0,22.0,206.0,1113.0,2255.0,324.0,518.0,237.0,137.0,476.0,221.0,167.0,254.0,318.0,283.0,778.0,402.0,108.0,112.0,-270.0,1414.0,189.0,128.0,513.0,130.0
NF Sales,,,,,,,,,,,,,,,,,,,,,,,,,,,,,,,,,
New Monthly Listings - NSA - All Homes,125.0,56.0,63.0,78.0,116.0,65.0,74.0,56.0,14.0,23.0,,72.0,41.0,55.0,83.0,69.0,36.0,28.0,14.0,52.0,59.0,107.0,63.0,55.0,79.0,81.0,,13.0,58.0,75.0,81.0,45.0,27.0
New Monthly Listings - SA - All Homes,95.0,41.0,51.0,65.0,82.0,57.0,67.0,52.0,19.0,31.0,,62.0,34.0,59.0,72.0,68.0,33.0,39.0,12.0,42.0,59.0,94.0,54.0,37.0,73.0,74.0,,12.0,51.0,59.0,78.0,39.0,29.0
Percent Of Homes Decreasing In Values - All Homes,45.09,27.84,28.48,27.12,36.93,18.65,54.88,18.24,18.24,8.72,24.73,63.12,79.39,44.64,42.14,2.1,8.08,50.52,40.22,3.76,11.8,26.2,60.26,75.88,48.12,21.31,98.484848484848,17.54,75.22,5.49,12.17,36.2,4.15
Percent Of Homes Increasing In Values - All Homes,54.16,71.68,71.11,72.49,62.58,81.0,44.61,81.03,81.5,90.88,74.81,36.21,20.11,54.35,57.06,97.73,91.62,48.08,58.77,96.09,87.92,73.22,38.55,23.78,50.66,78.14,0.0,81.92,24.31,94.32,87.42,62.83,95.72
Percent Of Listings With Price Reductions - All Homes,13.2107023411371,13.4387351778656,11.9834710743802,13.2387706855792,16.2637362637363,17.7474402730375,10.5820105820106,10.8504398826979,8.16326530612245,8.72093023255814,,11.0526315789474,9.72222222222222,7.3469387755102,13.7305699481865,21.580547112462,17.0616113744076,15.0485436893204,18.0327868852459,15.3465346534653,13.2183908045977,12.396694214876,11.7460317460317,8.67052023121387,15.2019002375297,12.8571428571429,,12.280701754386,13.7704918032787,15.8730158730159,7.91075050709939,11.4678899082569,13.6363636363636
Percent Of Listings With Price Reductions - Bottom Tier,,,,,,,,,,,,,,,,,,,,,,,,,,,,,,,,,
Percent Of Listings With Price Reductions - Condo,,,,,,,,,,,,10.5263157894737,14.4927536231884,8.12182741116751,11.9047619047619,,,16.4705882352941,21.2765957446809,,,11.320754716981,12.6666666666667,,19.8757763975155,,,,20.2898550724638,,,2.38095238095238,
Percent Of Listings With Price Reductions - Middle Tier,,,,,,,,,,,,,,,,,,,,,,,,,,,,,,,,,
Percent Of Listings With Price Reductions - Single-Family Residence,13.5087719298246,14.1078838174274,13.0841121495327,13.6708860759494,16.3594470046083,17.6678445229682,10.7238605898123,10.8504398826979,7.80141843971631,8.75912408759124,,11.8421052631579,7.48299319727891,,19.5652173913043,22.2222222222222,17.8571428571429,14.0495867768595,,16.1458333333333,14.0243902439024,12.8735632183908,10.9090909090909,7.98611111111111,12.3076923076923,13.1067961165049,,12.280701754386,11.864406779661,16.0642570281125,8.15899581589958,13.6363636363636,13.9072847682119
Percent Of Listings With Price Reductions - Top Tier,,,,,,,,,,,,,,,,,,,,,,,,,,,,,,,,,
Price To Rent Ratio - All Homes,16.0,27.52,32.66,34.58,27.48,44.09,11.83,18.4,23.43,19.52,16.49,10.81,7.67,13.83,14.6,37.76,21.66,13.52,15.15,26.59,30.8,21.99,11.01,6.95,14.03,19.87,15.87,22.21,8.95,25.15,25.31,18.39,28.41
Sales Counts - Bottom Tier MSA,,,,,,,,,,,,,,,,,,,,,,,,,,,,,,,,,
Sales Counts MSA,,,,,,,,,,,,,,,,,,,,,,,,,,,,,,,,,
Sales Counts - MIddle Tier MSA,,,,,,,,,,,,,,,,,,,,,,,,,,,,,,,,,
Sales Counts - SA - Bottom Tier MSA,,,,,,,,,,,,,,,,,,,,,,,,,,,,,,,,,
Sales Counts - SA MSA,,,,,,,,,,,,,,,,,,,,,,,,,,,,,,,,,
Sales Counts - SA - Middle Tier MSA,,,,,,,,,,,,,,,,,,,,,,,,,,,,,,,,,
Sales Counts - SA - Top Tier MSA,,,,,,,,,,,,,,,,,,,,,,,,,,,,,,,,,
Sales Counts MSA - Top Tier,,,,,,,,,,,,,,,,,,,,,,,,,,,,,,,,,
Sale Prices - Bottom Tier MSA,,,,,,,,,,,,,,,,,,,,,,,,,,,,,,,,,
Sales Previously Foreclosed Share MSA,,,,,,,,,,,,,,,,,,,,,,,,,,,,,,,,,
Sales Prices MSA,,,,,,,,,,,,,,,,,,,,,,,,,,,,,,,,,
Sales Prices - Middle Tier MSA,,,,,,,,,,,,,,,,,,,,,,,,,,,,,,,,,
Sales Prices - Top Tier MSA,,,,,,,,,,,,,,,,,,,,,,,,,,,,,,,,,
Sale To List Ratio MSA,,,,,,,,,,,,,,,,,,,,,,,,,,,,,,,,,
Inventory Measure - Tiers (Public) - TierShare Bottom Tier,,,,,,,,,,,,,,,,,,,,,,,,,,,,,,,,,
Inventory Measure - Tiers (Public) - TierShare Middle Tier,,,,,,,,,,,,,,,,,,,,,,,,,,,,,,,,,
Inventory Measure - Tiers (Public) - TierShare Top Tier,,,,,,,,,,,,,,,,,,,,,,,,,,,,,,,,,
Turnover - All Homes,4.077,5.0629,5.0651,3.962,4.5314,5.3973,4.5953,1.0733,2.964,0.2628,3.2134,5.2258,6.2006,3.3762,3.7944,5.7966,4.2222,4.0278,2.9292,5.05,4.1796,4.8536,5.6514,4.4721,3.3605,0.8307,0.7143,4.406,4.9005,5.2481,1.4238,3.0716,4.4003
Unsold Renos - All Homes,30.3,27.0,58.2,35.2,37.4,34.3,13.2,300.5,66.3,196.6,137.8,70.6,15.4,58.6,37.9,110.8,96.8,69.1,88.8,123.5,117.8,67.0,34.5,37.8,38.9,150.9,,66.3,35.9,102.6,247.2,34.7,91.2
Value Tiers (Public),,,,,,,,,,,,,,,,,,,,,,,,,,,,,,,,,
ZRI - Bottom Tier YOY,0.03012912482066,0.065,0.025885558583106,-0.0061643835616438,0.0075239398084815,-0.018220042046251,0.023571428571429,0.0530035335689046,-0.0126953125,0.054835493519442,0.047226386806597,0.01421188630491,0.02154046997389,-0.0013071895424837,0.011912225705329,0.00980392156862745,0.0026178010471204,0.012916383412645,0.040531561461794,-0.0109797297297297,0.0033898305084746,0.028044280442804,-0.0046511627906977,0.018697614442295,0.036152796725784,0.0334801762114537,0.0077120822622108,-0.094273127753304,0.019164955509925,0.000915750915750916,0.010967098703888,0.031323414252154,0.018783542039356
Zillow Home Value Index - One Bedroom,219323.0,441907.0,,418641.0,227022.0,135750.0,504324.0,162727.0,180006.0,45488.0,185673.0,227011.0,244163.0,256574.0,268157.0,126407.0,174103.0,262908.0,228320.0,134699.0,154941.0,174722.0,182336.0,162356.0,150877.0,132963.0,,154411.0,183774.0,154200.0,104693.0,128318.0,180169.0
Zillow Home Value Index - Two Bedrooms,243845.0,203859.0,243457.0,250606.0,294078.0,180178.0,228654.0,122661.0,140815.0,96795.0,256236.0,348665.0,405975.0,357648.0,377470.0,,172209.0,344388.0,325670.0,139863.0,142028.0,235588.0,293082.0,240828.0,236276.0,130018.0,,177139.0,265487.0,157557.0,117652.0,169709.0,156140.0
Zillow Home Value Index - Three Bedrooms,311355.0,347903.0,378427.0,311375.0,374092.0,329901.0,306269.0,168289.0,163382.0,143408.0,433694.0,752169.0,757120.0,653400.0,709787.0,240216.0,202257.0,457382.0,462942.0,192701.0,162312.0,254435.0,540643.0,754427.0,435102.0,157279.0,181283.0,194433.0,563292.0,176912.0,143761.0,289916.0,152208.0
Zillow Home Value Index - Four Bedrooms,482145.0,445934.0,448905.0,439368.0,462185.0,411779.0,426929.0,220710.0,245096.0,192390.0,308103.0,1126050.0,924206.0,829730.0,1194605.0,,150100.0,599105.0,884622.0,222282.0,235675.0,398036.0,698020.0,1061648.0,559785.0,238074.0,214699.0,276520.0,761550.0,211960.0,198868.0,587540.0,186176.0
Zillow Home Value Index - Five Or More Bedrooms,752056.0,561223.0,684281.0,628313.0,613455.0,563106.0,671645.0,267152.0,355162.0,217033.0,,1713976.0,1265211.0,989268.0,1760700.0,299078.0,293656.0,671823.0,809208.0,234561.0,257906.0,477946.0,1010106.0,1717327.0,779511.0,307464.0,,321816.0,1318731.0,245804.0,274174.0,712114.0,213950.0
Zillow Home Value Index - All Homes,463781.0,468553.0,413467.0,437304.0,450374.0,383102.0,462955.0,203130.0,189892.0,151501.0,219973.0,563590.0,736986.0,309580.0,354915.0,236996.0,205449.0,374145.0,284853.0,183600.0,164376.0,267538.0,444480.0,1088157.0,462176.0,186278.0,182838.0,201898.0,660488.0,176627.0,163519.0,431131.0,160190.0
Zillow Home Value Index - Bottom Tier,299730.0,371355.0,302292.0,310549.0,352681.0,285427.0,327066.0,157320.0,125302.0,107359.0,167316.0,246252.0,365323.0,219143.0,253560.0,177414.0,159808.0,258591.0,214699.0,131928.0,131959.0,156291.0,251676.0,533989.0,240409.0,138250.0,195052.0,152646.0,337061.0,146859.0,130647.0,171791.0,125562.0
Zillow Home Value Index - Bottom Tier Year-Over-Year,0.0262511855318887,0.0218848547889115,0.0353600394563788,0.0276137973024844,0.0217780533311701,0.0309843994379608,0.0197231402381992,0.0823454946990389,0.113983695024049,0.133435388513514,0.0932756581569645,0.0274670483041194,0.021505346277738,0.0297347461410145,0.016635192513562,0.119924755075245,0.113272215565525,0.0368898637079927,0.0174102594479327,0.302658082862672,0.232962083979594,0.138898200102019,0.0214123376623377,0.0329626326774982,0.0295580004025575,0.122277513049267,0.0785410952844378,0.0702011455974424,0.0188837231797929,0.106674302766328,0.0999629548554397,0.0405017443550732,0.192331066965473
Zillow Home Value Index - Condo,256901.0,213286.0,273587.0,260860.0,286614.0,195545.0,335021.0,161069.0,114599.0,60319.0,219602.0,284786.0,281807.0,288839.0,320692.0,153409.0,,298745.0,277225.0,115372.0,151346.0,280556.0,265924.0,238560.0,233819.0,166892.0,219381.0,,242683.0,143015.0,80796.0,163074.0,169608.0
Zillow Home Value Index - Middle Tier,463781.0,468553.0,413467.0,437304.0,450374.0,383102.0,462955.0,203130.0,189892.0,151501.0,219973.0,563590.0,736986.0,309580.0,354915.0,236996.0,205449.0,374145.0,284853.0,183600.0,164376.0,267538.0,444480.0,1088157.0,462176.0,186278.0,182838.0,201898.0,660488.0,176627.0,163519.0,431131.0,160190.0
Zillow Home Value Index - Middle Tier - Year-Over-Year,0.0235980127524614,0.0209527669375099,0.0288345497027712,0.0138736900676992,0.013568285903971,0.0204134903765735,0.0137426945403664,0.0661648926119544,0.0952232642373487,0.1031974309869,0.0782355939846676,0.0139994134675761,0.0381663689688009,0.0315275991443366,0.0218115443414071,0.0768629589240276,0.084003419019881,0.02653412863469,0.0251083216974478,0.241538804849845,0.136787070271167,0.0660965686528446,0.0152418759864507,0.0312476011315551,0.0274116640176061,0.0789967562557924,0.0940783647286915,0.0753841646914698,0.00911813237181446,0.0955922489082969,0.0865338613650861,0.0259991527964855,0.137301119622864
Zillow Home Value Index - Single-Family Residence,487631.0,472413.0,424472.0,447708.0,460742.0,390956.0,470665.0,203650.0,193320.0,159332.0,225550.0,934321.0,820886.0,596100.0,758988.0,238612.0,208673.0,448582.0,384113.0,184547.0,165721.0,268964.0,593106.0,1244317.0,540248.0,187639.0,182386.0,202384.0,767132.0,177447.0,164941.0,585130.0,159847.0
Zillow Home Value Index - Top Tier,769960.0,604790.0,581869.0,641229.0,611893.0,511093.0,769459.0,264282.0,350321.0,194630.0,284124.0,1237447.0,1042097.0,518466.0,747687.0,299080.0,260659.0,532465.0,396144.0,248204.0,304597.0,486685.0,715243.0,1851512.0,691502.0,278285.0,201548.0,304431.0,1151196.0,217561.0,239123.0,712474.0,207227.0
Zillow Home Value Index - Top Tier - Year-Over-Year,0.019316387090283,0.0209717962006661,0.0273800149021297,0.0184542812217087,0.0127241581913423,0.0152235965746908,0.00975161017705386,0.0566546187308086,0.076238460238706,0.0821314592623069,0.0296325018934795,0.0161281846205389,0.015243801451605,0.0257797228531407,0.0163375326913771,0.0276321305121668,0.0460377146480354,0.0202883054819431,0.0156965504510002,0.210627204042513,0.0773080473510906,0.0424444544401106,0.00651408500254709,0.0173746573972521,0.021790751453628,0.0534713809812235,0.00559807609791145,0.0160705703300224,0.00706399410036208,0.0705899141799858,0.0641878059635069,0.0265308474771634,0.0904790220645888
ZRI - Middle Tier YOY,0.0062227753578096,0.055520898315658,0.024014778325123,0.0036787247087676,0.038349796629866,-0.013003095975232,0.006333122229259,0.073333333333333,0.053959965187119,0.065276518585675,0.042538825118163,0.0893300248138958,0.0060790273556231,0.00056179775280899,0.033492822966507,0.047658175842235,0.021669341894061,0.023514851485149,0.049300060864273,0.0350734094616639,-0.0030888030888031,0.033187226048842,0.03300521134916,0.048387096774193,0.020975056689342,0.034912718204489,0.04031007751938,-0.0189423835832676,0.023503077783996,0.014744145706852,0.0584642233856894,0.02124833997344,0.020408163265306
Zillow Rental Index - All Homes,2225.0,2392.0,2148.0,2273.0,2274.0,2037.0,2340.0,1528.0,1421.0,1315.0,1632.0,2582.0,2863.0,1802.0,1996.0,1374.0,1381.0,1912.0,1727.0,1297.0,1301.0,1602.0,2078.0,4343.0,2267.0,1435.0,1393.0,1370.0,2876.0,1298.0,1361.0,2059.0,1272.0
Zillow Rental Index - All Homes Plus Multi-Family,1617.0,1692.0,1663.0,1637.0,1787.0,1594.0,1589.0,1288.0,1211.0,1175.0,1544.0,2195.0,1986.0,1781.0,1944.0,1275.0,1273.0,1654.0,1724.0,1269.0,1291.0,1650.0,1784.0,1950.0,1801.0,1245.0,1342.0,1243.0,1829.0,1170.0,1213.0,1538.0,1250.0
Zillow Rental Index Per Square Foot - All Homes,0.958,0.878,1.036,0.93,0.972,0.972,0.852,0.702,0.83,0.75,1.522,1.788,1.78,1.924,1.964,0.996,0.854,1.5,1.438,1.026,1.056,1.19,1.474,1.58,1.17,0.816,,0.86,1.442,0.87,0.732,1.022,0.982
Zillow Rental Index - Multi-Family Residence,1478.0,1560.0,1518.0,1473.0,1409.0,1425.0,1545.0,1117.0,891.0,1090.0,1681.0,1851.0,1485.0,1631.0,1669.0,1156.0,1165.0,1604.0,1633.0,1314.0,1366.0,1454.0,1491.0,1615.0,1610.0,1226.0,1427.0,1279.0,1590.0,1037.0,1057.0,1411.0,1099.0
Zillow Rental Index - Single-Family Residence,2459.0,2520.0,2056.0,2487.0,2457.0,2182.0,2495.0,1445.0,1341.0,1301.0,,4440.0,3710.0,2828.0,4147.0,1286.0,1306.0,2172.0,,1258.0,1217.0,1377.0,2700.0,6168.0,2848.0,1374.0,,1339.0,3916.0,1196.0,1263.0,3186.0,1128.0
ZRI - Top Tier YOY,0.019457245263697,0.089711099847947,0.049138804457953,0.0042872454448017,0.0089792060491493,0.011440457618305,0.032576505429418,0.088212927756654,0.076863354037267,0.0909090909090909,0.05334914048607,0.013641425389755,0.01071155317521,0.041819852941177,0.05,0.069196428571429,0.075077399380805,0.039205702647658,0.04021164021164,0.0672082717872969,0.0033715441672286,0.018954918032787,0.0083774250440917,-0.062717770034843,0.014712438698172,0.050073637702504,-0.032571032571033,-0.016487455197133,0.019921875,0.030864197530864,0.077049180327869,0.045889101338432,0.0688172043010753
